[
  {
    "nomeFruta": "Maca",
    "precoFrutaKg": 20.0,
    "codigo": 1,
    "descricao": "asd2123",
    "tipo": "123asd",
    "peso": 20.0,
    "numeroNotaFiscal": "asdasd123123",
    "classe": "fretadora.Fruta"
  },
  {
    "nomeFruta": "a123123",
    "precoFrutaKg": 20.0,
    "codigo": 2,
    "descricao": "asd123",
    "tipo": "asd123",
    "peso": 21.0,
    "numeroNotaFiscal": "asd12312312",
    "classe": "fretadora.Fruta"
  },
  {
    "tipoCombustivel": "Comum",
    "quantidadeCombustivel": 50.0,
    "dataInspecao": {
      "date": {
        "year": 2021,
        "month": 10,
        "day": 1
      },
      "time": {
        "hour": 10,
        "minute": 0,
        "second": 0,
        "nano": 0
      }
    },
    "orgaoInspecao": "NAOSEI",
    "codigo": 3,
    "descricao": "gasolina comum",
    "tipo": "Gasolina",
    "peso": 50.0,
    "numeroNotaFiscal": "asdasd123123",
    "classe": "fretadora.Combústivel"
  },
  {
    "nomeMercadoria": "Alcool",
    "dataInspecao": {
      "date": {
        "year": 2020,
        "month": 5,
        "day": 25
      },
      "time": {
        "hour": 15,
        "minute": 30,
        "second": 0,
        "nano": 0
      }
    },
    "orgaoInspecao": "asdads",
    "codigo": 4,
    "descricao": "Alcool 99",
    "tipo": "Inflamavel",
    "peso": 20.0,
    "numeroNotaFiscal": "123123asdasd",
    "classe": "fretadora.ProdutosPerigosos"
  },
  {
    "nomeFruta": "Maca",
    "precoFrutaKg": 40.0,
    "codigo": 5,
    "descricao": "Maca vermelha",
    "tipo": "Fruto alimento",
    "peso": 50.0,
    "numeroNotaFiscal": "asdasd123123",
    "classe": "fretadora.Fruta"
  },
  {
    "nomeMercadoria": "Alcool",
    "codigo": 6,
    "descricao": "Alcool inflamavel",
    "tipo": "Liquido inflamavel",
    "peso": 20.0,
    "numeroNotaFiscal": "aqw1233",
    "classe": "fretadora.ProdutosPerigosos"
  },
  {
    "tipoCombustivel": "Diesel",
    "quantidadeCombustivel": 300.0,
    "dataInspecao": {
      "date": {
        "year": 2020,
        "month": 5,
        "day": 25
      },
      "time": {
        "hour": 11,
        "minute": 50,
        "second": 0,
        "nano": 0
      }
    },
    "orgaoInspecao": "Petrobras",
    "codigo": 7,
    "descricao": "Diesel ipiranga",
    "tipo": "Gasolina",
    "peso": 300.0,
    "numeroNotaFiscal": "bbb112312bb",
    "classe": "fretadora.Combústivel"
  },
  {
    "materialEmbalagem": "Plastico ",
    "quantidadeEmbalem": 20.0,
    "codigo": 8,
    "descricao": "asdas1321",
    "tipo": "asdasd",
    "peso": 20.0,
    "numeroNotaFiscal": "asd123",
    "classe": "fretadora.Embalagem"
  },
  {
    "nomeFruta": "Banana",
    "precoFrutaKg": 12.0,
    "codigo": 9,
    "descricao": "qqqqqqq",
    "tipo": "qqqqq",
    "peso": 10.0,
    "numeroNotaFiscal": "aaaa",
    "classe": "fretadora.Fruta"
  },
  {
    "materialEmbalagem": "Plástico 02",
    "quantidadeEmbalem": 20.0,
    "codigo": 10,
    "descricao": "tttttt",
    "tipo": "tttttt",
    "peso": 20.0,
    "numeroNotaFiscal": "tttttttttttt",
    "classe": "fretadora.Embalagem"
  }
]