[
  {
    "frequencia": 50.0,
    "unidadeFrequencia": "Dias",
    "quantidadeOperacoes": 12,
    "codigo": 1,
    "mercadoria": {
      "tipoCombustivel": "Diesel",
      "quantidadeCombustivel": 300.0,
      "dataInspecao": {
        "date": {
          "year": 2020,
          "month": 5,
          "day": 25
        },
        "time": {
          "hour": 11,
          "minute": 50,
          "second": 0,
          "nano": 0
        }
      },
      "orgaoInspecao": "Petrobras",
      "codigo": 7,
      "descricao": "Diesel ipiranga",
      "tipo": "Gasolina",
      "peso": 300.0,
      "numeroNotaFiscal": "bbb112312bb",
      "classe": "fretadora.Combústivel"
    },
    "cidadeOrigem": "asd",
    "cidadeDestino": "asd",
    "distanciaKm": 300.0,
    "valorFrete": 350.0
  },
  {
    "frequencia": 50.0,
    "unidadeFrequencia": "dias",
    "quantidadeOperacoes": 3,
    "codigo": 2,
    "mercadoria": {
      "nomeFruta": "Maca",
      "precoFrutaKg": 40.0,
      "codigo": 5,
      "descricao": "Maca vermelha",
      "tipo": "Fruto alimento",
      "peso": 50.0,
      "numeroNotaFiscal": "asdasd123123",
      "classe": "fretadora.cesusc.Fruta"
    },
    "cidadeOrigem": "crici",
    "cidadeDestino": "flori",
    "distanciaKm": 300.0,
    "valorFrete": 350.0
  }
]