[
  {
    "codigo": 1,
    "mercadoria": {
      "tipoCombustivel": "Diesel",
      "quantidadeCombustivel": 300.0,
      "dataInspecao": {
        "date": {
          "year": 2020,
          "month": 5,
          "day": 25
        },
        "time": {
          "hour": 11,
          "minute": 50,
          "second": 0,
          "nano": 0
        }
      },
      "orgaoInspecao": "Petrobras",
      "codigo": 7,
      "descricao": "Diesel ipiranga",
      "tipo": "Gasolina",
      "peso": 300.0,
      "numeroNotaFiscal": "bbb112312bb",
      "classe": "fretadora.Combústivel"
    },
    "cidadeOrigem": "Ciriciuma",
    "cidadeDestino": "Floripa",
    "distanciaKm": 300.0,
    "valorFrete": 480.0
  }
]